id,sentence,dialect,source
1,જોરદાર વીડિયો છે,charotari,youtube_comments
2,Nice જોરદાર એક્ટિંગ મુકેશ ભાઈ,charotari,youtube_comments
3,જોરદાર ભાઇઓ મજા આવી ગઈ 😅,charotari,youtube_comments
4,એ નવા વર્ષના રામ રામ,charotari,youtube_comments
5,ખૂબ સરસ બના વોછે,charotari,youtube_comments
6,અરે ભાઈ આ NRI જોરદાર છે...એને બધી બહુ ભાષા આવડે છે 😂😂,charotari,youtube_comments
7,લહેરી ભગત નો આ કૉમેડી પ્રોગ્રામ કેવો લાગ્યો પ્લીસ કોમેન્ટ અને શેર લાઈક કરવા વિનંતી,charotari,youtube_comments
8,સુ ભગત તમારી કોમેડી હો બાપુ,charotari,youtube_comments
9,લહેરી ભગત ખરેખર જૂની નવી પેઢી નો સંગમ છે. એમને સલામ💐💐💐💐💐,charotari,youtube_comments
10,સાહેબ તમારો નંબર આપો,charotari,youtube_comments
11,લાલભા ની કોમેડી કેવી લાગે છે ❤❤,charotari,youtube_comments
12,બાદશાહ ભાઈ ઝુપડી ના રાજા છે😎😁🔥,charotari,youtube_comments
13,‼️કૃષ્ણ સદા સહાયતે❤ ‼️,charotari,youtube_comments
14,કૃષ્ણ સદા સહાયતે❤❤,charotari,youtube_comments
15,રાજા.રણછોડ. તમારી.ટીમ.ની.બધી.મનોકામના પરિપૂર્ણ. કરે,charotari,youtube_comments
16,થોડા શોટ સમય માં તમારું કન્ટેન્ટ બનાવો.,charotari,youtube_comments
17,ખુબ સરસ માહિતી ❤,charotari,youtube_comments
18,ખુંબ ખુંબ અભિનંદન 🎉જય સ્વામિનારાયણ 🙏,charotari,youtube_comments
19,ઘડીએ ઘડીએ આ માણસ. આ માણસને પહોંચાય નહિ. માણસ અદભુત છે. માણસ..... માણસ.... માણસ... માણસ..માણસ. માણસ સિવાય કાંઈ નહિ.,charotari,youtube_comments
20,42% જોનારા subscribe કરે છે અને58% એમનેમ જુએ છે,charotari,youtube_comments
21,"ચૌધરી,ગામીત,વસાવા,ભીલ,કુંકણા",charotari,youtube_comments
22,બીજા વાળા કોમેડી વિડીયો મોકલવા માટે વિનંતી,charotari,youtube_comments
23,ઇંગલિશ માં જ બોલવું છે તો શિખડાય ની ને 😮,charotari,youtube_comments
24,"કચ્છી માં તો વાક્ય બોલો યાર, અમને કા ભૂલી જાઓ છો, વાક્ય:- માં મને એક ગ્લાસ પાણી આપશો...!! કચ્છી માં ભાષાંતર:- માં મોકે હેકડો ગ્લાસ પાણી ડેઈને...!!",charotari,youtube_comments
25,Tasmaro kushmab khushmab Aasmabhar. (તમારો ખુબ ખુબ આભાર!),charotari,youtube_comments
26,Ohh આસ્માં ભાસ્માસા મસ્મને અસ્માખી અસ્માવડે છેસ્મે 😊😮🎉,charotari,youtube_comments
27,આ ભાષા માં ' હોશિયારી ' શબ્દ કઈ રીતે બોલાય ?,charotari,youtube_comments
28,મારે નથી શીખવી અટલી અઘરી language 🙏,charotari,youtube_comments
29,હગલું અને ઉદાવી ડીધું એટલે શું,charotari,youtube_comments
30,સૌરાષ્ટ્ર માં કાઠીયાવાડી બોલી બોલિયા છે,charotari,youtube_comments
31,ખખોળીયુ ખાવુ એટલે નાહવું કાઠીયાવાડી માં,charotari,youtube_comments
32,રામાયણ ઉપર મજાક થાય અને લોકો હશે એ દુઃખની વાત છે એકવાર મુસ્લિમ ગ્રંથને મહેસાણી ભાષામાં રજુ કરો અને કેટલા મુસ્લિમો હશે છે એ તમે જુઓ. માયાભાઈ મોરારી બાપુ ના ખૂબ જ પ્રીતિ પાત્ર છે છતાં પણ તે રામાયણ ની મશ્કરી કરે છે. હિન્દુ અને શત્રુ બોધ નથી.,charotari,youtube_comments
33,આપણા હિન્દુ ધર્મ ગ્રંથ પર આવી મજાક કોમેડી કરવાની બંધ કરો... સાચા મર્દના દીકરા હોય તો બીજા કોઈ ધર્મ ગ્રંથ પર આવી મજાક કે કોમેડી કરજો .... ચ્ઠીનું ધાવણ યાદ આવી જશે.... જય શ્રી કૃષ્ણ 😢😢😢😢😢😢😢😢,charotari,youtube_comments
34,મહેસાણા માં એક વર્ષ માટે રહેવા આવો પછી મહેસાણા ની ભાષા આવડે મારા વાલા,charotari,youtube_comments
35,"આજના કલાકારો પૈસા માટે રામની પણ મજાક કરશે, અને સંસ્કારની વાતો પણ કરશે.",charotari,youtube_comments
36,આહિર નો દિકરો સનાતન ધર્મ ની મજાક કરે છે.....હદ છે..... ધન્ય છે તારી જનેતાને...,charotari,youtube_comments
37,આ મહેસાણા ની ભાષા છે જ નહિ માયાભાઈ આવી રીતે મજાક નો ઉડાવો....એક વાર આવી ને રો મેહસાણા માં તમે ભાવનગર રેવાનું ભૂલી જશો,charotari,youtube_comments
38,"માયાભાઈ આપની દુકાન તો હારીજ ચલાવો છો પણ મી.માયાજી હાલના આપડા દેશના વડાપ્રધાન ક્ષી નરેન્દ્રભાઇ મોદી સાહેબ મેંહોણાનાજ છે તથા એમની સાથે આપણા દેશના ગૃહપ્રધાન ક્ષી અમીતભાઈ શાહ સાહેબ પણ મૂળ મેંહોણાનાજછે ભઈ અને ગુજરાત નાપૂર્વ મૂખ્ય મંત્રીશ્રી શંકરસિંહજી વાઘેલા સાહેબ પણ મૂળ મેં હોણાનાજ છે સમજ્યા ભઈબંધ ભઈ પહેલા મેંસાણી ભાષા ઓળખો,જાણો પછી ગપ્પાં મારવા ખબર પડીજાસે મેંસાણાની મજાક કેમ કરાય છે....",charotari,youtube_comments
39,મહેસાણા એજ્યકેશનમાં ગુજરાત રાજ્યમાં પ્રથમ નંબરે છે,charotari,youtube_comments
40,રામાયણ ની મજાક ન ઉડાળ ભાઇ,charotari,youtube_comments
41,મજાકમાં ભગવાન રામ જ મલ્યા ભાઈ,charotari,youtube_comments
42,માયાભાઈ તમે મહેસાણા ની ભાષા અને રામાયણ બંનેનું અપમાન કરી રહ્યા છો તમે એક સારા કલાકાર છો આવું વર્તન તમારાથી ન થાય,charotari,youtube_comments
43,આ કંઈક કરો ભાઈ આ દિવસે દિવસે વધારે પહેલા વાણીયાઓની ઉડાડતો હવે મહેસાણા ઉપર આવી ગયો છે,charotari,youtube_comments
44,આવી રીતે મહેસાણાવાળા નથી કહેતા રામાયણ.😢😢આ સંસ્કાર કોને આપ્યા આને કોઈ બોલી ની મજાક ઉડાવવી.,charotari,youtube_comments
45,કાઠિયાવાડમાં વિસ્તાર અને જાતિને ધ્યાન માં રાખે છે એવું ઘણી વખત જોયું છે,charotari,youtube_comments
46,અમારી ભાષા અમને ગમે છે ખાખરાની ખિસકોલી આંબાનો સ્વાદ શું જાણે,charotari,youtube_comments
47,મેહસાણા ની ભાષા બોલતા નથી આવડતી મહેસાણા ની ભાષા બોલવા માટે મહેસાણામાં જન્મ લેવો પડે,charotari,youtube_comments
48,આવી મજાક મસ્તી વાળા કલાકાર ને સ્ટેજ પર થી નીચે ઉતારવો જોઇએ.. સાંભળવા વારા ને પણ થોડીક શરમ આવવી જોઇએ.. ઘણી વખત માયા એ માફી માંગી છે..,charotari,youtube_comments
49,"આ અગાઉ પણ માયાભાઈ એ શિવ પાર્વતી વિશે મજાક ઉડાવી હતી, કંઈક શરમ કરો.",charotari,youtube_comments
50,આમાં મુસ્લિમ ક્યાં થી આ વ્યા ભાઈ. આ કોઈ મુસ્લિમ માયા ભાઈ થોડા છે. ભાઈ,charotari,youtube_comments
51,આનો વિરોધ કરવો જોઇએ,charotari,youtube_comments
52,તેનો તિરસ્કાર કરો મોરારિબાપુ ને જણાવો.,charotari,youtube_comments
53,@DineshPithaya-z4z આ ભાઈ ના બાપ ઉપર મજાક કરવા માયા ભાઇ ને કહો,charotari,youtube_comments
54,આને કલાકાર નહી ખદડો કહેવાય.,charotari,youtube_comments
55,સૌરાષ્ટ્ર ને કોઈ નો પોહચે,charotari,youtube_comments
56,ભગવાન ને પણ સૌરાષ્ટ્ર મા આવવું પડે,charotari,youtube_comments
57,આ ઉબેટ ને કોક હમજાવો કે પનોતી આ અમારી ભાષા સ જ નાં અન તમારાં જેવી ઉબેટો એ તો સૌરાષ્ટ્ર ની પત્તર ફાડી નોશી 😂😂😂,charotari,youtube_comments
58,ભાઈ આતો ડાયરો કેવાય આમાં કંઈ ખોટું નાં લગાડવાનું હોય 😊 આમાં તો હસી મજાક ચાલે.,charotari,youtube_comments
59,માયા ની માયા મોય ગઇ મારો રામ,charotari,youtube_comments
60,આવા ગોડા ન ના ખબર પડે,charotari,youtube_comments
61,❤❤ ખરેખર સાચી વાત છે ભાઇ બધી ભાષાઓ માં આનંદ છે ભાઇ આનંદ છે ❤❤❤❤❤❤❤❤,charotari,youtube_comments
62,માયા ભાઇ ખાખરા ની ખિસકોલી નથી તમારી ભાષા ના વખાણ કરે છે. ખોટુ નહિ લગાડો.,charotari,youtube_comments
63,આ બધુ ઘરનુ જોડે બાયલાવેડા,charotari,youtube_comments
64,આ મહેસાણાની ભાષા છે જ નહીં માયાભાઈ.,charotari,youtube_comments
65,આ આખા મહેસાણા ની ભાષા નથી આ એક સમાજ ની ભાષા છે,charotari,youtube_comments
66,લોકો પણ કેટલા પાગલ છે....😢😢😢😢😢😢,charotari,youtube_comments
67,શાહબુદ્દીન રાઠોડ ની કોપી કરી પણ એના જેવું નો થાય માયા ભાઈ,charotari,youtube_comments
68,"સુરતી, મહેસાણી અને કાઠિયાવાડી મિક્સ",charotari,youtube_comments
69,મારા ભાઈ માયા ભાઈ આ મહેસાણી ભાષા નથી પણ મજાક છે વિચારી ગોખી ને બોલો મારા ભાઈ,charotari,youtube_comments
70,તમે બહું હલકી વાત કરી રહ્યા છો મેહસાણા માં આવી ભાષા કોઈ નથી બોલતું મેહસાણા જિલ્લો નેચરલ ટોન માં વાત કરવા વાળી પબ્લિક છે હું પણ ચારણ છું અને મેહસાણા નો જ છું કોઈ ની પ્રાદેશિકતા ની મજાક ઉડાવી ને તમે તમારી વેલ્યુ ઓછી કરી રહ્યા છો,charotari,youtube_comments
71,બુદ્ધિનું પ્રદર્શન કરે છે આ.,charotari,youtube_comments
72,મહેસાણા નું નય હા માય ભાઈ વાઘેલાનું છે આ,charotari,youtube_comments
73,વાઘરી ભાષા અથવા તો કથીયા વાળી,charotari,youtube_comments
74,આ લોકો બીજાની મજાક ઉડાવી ને હાસ્ય બનાવે છે અને મૂર્ખા લોકો દાંત કાઢે છે,charotari,youtube_comments
75,"વધારે પડતી વાયડાય કરે છે, પૈસા માટે આટલી હલકી મજાક શોભતી નથી",charotari,youtube_comments
76,આ હલકા ના લખણ જલકાવયા કેવાઈ,charotari,youtube_comments
77,હલકા ને કો પેલા મહેસાણા ની ભાષા બોલતા શીખે,charotari,youtube_comments
78,આ વીડિયો ડિલીટ થવો જોયે😢😢😢😢,charotari,youtube_comments
79,"મહેસાણા ની ભાષા ની મજાક ના હોય ...,રામાયણ ની પણ મજાક ના હોય ...તમારી કાઠિયાવાડી થી તો ખુબજ સારી છે ...મહેસાણી બોલતા ના આવડે તો બોલવી નહી ....",charotari,youtube_comments
80,મહેસાણી ભાષા ના આવડે તમને gj2,charotari,youtube_comments
81,🙏 હારા દિકરા હારી માં હોય તો મળે 🙏,charotari,youtube_comments
82,મહેસાણા ની ભાષા બોલીવી હોયતો મહેસાણા મા જન્મ લેવૉ પડે,charotari,youtube_comments
83,Aa vidio ડિલીટ કરો,charotari,youtube_comments
84,રાડો પાડે એમ ન બોલે..બૂમ પાડે એમ બોલે..,charotari,youtube_comments
85,ભાષા હલકી કક્ષાની ના હોવી જોઈએ આપ સાંભળો ક્યારેક ધીરુભાઈ સરવૈયા ને આખો પરીવાર સાથે બેસીને સાંભળી શકે ધીરુભાઈ સરવૈયા ને..,charotari,youtube_comments
86,રામાયણ નુ અપમાન ના કરો,charotari,youtube_comments
87,ખોટા ને ખોટા મળ્યા આમાં સાચું કોણ સમજાવે😮😮😮,charotari,youtube_comments
88,ધીરુભાઈ સરવૈયા is ગ્રેટ,charotari,youtube_comments
89,મોરારી બાપુ ના બાજુ માં બેસી ને રામાયણ ની મજાક ઉડાવે છે આ માણસ સસ્તી કૉમેડી કરે છે આને લોકસાહિત્યકાર કોણે બનાવ્યો,charotari,youtube_comments
90,આ કલાકાર તો સ્ટેજ પર રજૂ કરે છે આજે રામાયણ આપડે પરિવાર ને સંભાળવાની છે,charotari,youtube_comments
91,હા ભાઈ હું 5 વરસથી સાંભળું છું ધીરુભાઈ ને ❤❤,charotari,youtube_comments
92,"ધીરુભાઈ ની મોજ હા, ,,,,આમને ના આવડે બોલતા ....હસાવતા",charotari,youtube_comments
93,આ ભાષા મહેસાણા જિલ્લા ની નથી સુ હાલી નીકળી પડ્યા છો,charotari,youtube_comments
94,આવા લોકો હલકી ભાષા નો ઉપયોગ કરી ને પોતાની વાહ વાહ થાય તેના માટે કરે છે....,charotari,youtube_comments
95,આ લોકો ને ધર્મ ઉપર મજાક કરતા જરા પણ શરમ નહિ આવતી 😢😢,charotari,youtube_comments
96,મહેસાણા વાળા ની ભાસા ની વાત ના કર તમારા કાઠિયાવાડી કેટલા ચીટર છે વાત કર આ તારા જેવા ને કારણે લખવું પડે છે.,charotari,youtube_comments
97,સૌરાષ્ટ્ર ના લોકો નું લેવલ આનાથી ખબર પડે કે આવા વાહિયાત કલાકાર ને એ લોકો સાંભળે છે.,charotari,youtube_comments
98,શાહબુદ્દીન રાઠોડ ને ગુરૂ બનાવો એટલે રામાયણ અને મહાભારત વિશે કેવી રીતે બોલાય !!! માફ કરજો !!,charotari,youtube_comments
99,બાર ગામે બોલી બદલાય તમે મહેસાણા નું અપમાન કરી રહ્યા છો.. મોદી સાહેબ પણ મહેસાણા જિલ્લાના છે..,charotari,youtube_comments
100,Aa તો ખોટો કલાકાર છે રામ ભગવાન અને રાવણ ની મજાક ઉડાડે છે રાવણ જેવી તપસ્યા કરો ખબર પડે તમને તો પૈસા મળે છે,charotari,youtube_comments
101,બસ આપડે હસતા જ રેવાનું બાકી ભાગવાન્ નું ભલે ગમે એટલું અપમાન કરે,charotari,youtube_comments
102,આવા મનુવાદી લોકોને સાંભળવાનું બંધ કરવું જોઈએ,charotari,youtube_comments
103,આવી જ રીતે ઉંધુ બને તો. ઉલટું મહેસાણા માં કાઠીયાવાડી ભાષાનો આદર થાય છે કલાકાર ને સીમા નાં હોય પણ કલાકારે સીમમાં જ,charotari,youtube_comments
104,કહેતા ભી ભલા અને સુનતા ભી ભલા,charotari,youtube_comments
105,ઉતર ગજરાત મોટુ ચીttar હું પાટીદાર છું.માયા ભાઇ ની વિરુદ્ધ મા કાંઈ બોલતા નહિ.,charotari,youtube_comments
106,એ ની જાત ના સંસ્કાર બતાવે છે.,charotari,youtube_comments
107,ખૂબ ખૂબ અભિનંદન વાહ વાહ માયા ભાઈ,charotari,youtube_comments
108,તારા બાપ નો દાદો છે રામ મજાક નો ઉડાડાય બુદ્ધિ વગર ના,charotari,youtube_comments
109,મુરખ રામાયણ નુ મજાક કરે છે,charotari,youtube_comments
110,અદભુત માયા તારી માયા,charotari,youtube_comments
111,મેહસાણા ની ભાષા સરસ શે ભાઈ,charotari,youtube_comments
112,આ ઉત્તર ગુજરાતી ભાષા જ નથી,charotari,youtube_comments
113,આભાષા તો મેહસાણા ની નથી,charotari,youtube_comments
114,Tamari bhasani ghaan રાખો ભાઈ બીજાની ભાષા નું ઘ્યાન ન રાખો ભાઈ ધંધા મા ઘ્યાન રાખો,charotari,youtube_comments
115,મોરારી બાપુ ની હારે રઈ ને આશંસકાર આયા,charotari,youtube_comments
116,માયા ભાઈ ને કઈ તુ પેલા મહેસાણી શીખી લે પેલા પછી મહેસાણી મા રામાયણ કેજે આતો એના ઘરની રામાયણ કહેછે મહેસાણા મા આવી રામાયણ હોતી જ નથી,charotari,youtube_comments
117,મહેસાણા ની ભાષા આવડતી નથી તો ખોટું બોલો છો,charotari,youtube_comments
118,આ મહેસાણા ની ભાષા નથી જુઠ્ઠા તમે કેટલા માણસ ડફોળ બનાવીશ?,charotari,youtube_comments
119,સાહિત્ય ને સમજતા શીખો. કવિ અને લેખક ભાષામાં છૂટ લેતા હોય છે. કેમ કે તો જ સાહિત્ય સર્જન થાય.,charotari,youtube_comments
120,રામાયણની કાપવા વાળુ એક પેદા થયુ,charotari,youtube_comments
121,મહિલા મોર્ચો 5000 વર્ષ પહેલા નહીં 50 વર્ષ પહેલા બહાર પડ્યો,charotari,youtube_comments
122,આ માણસ સનાતન ધર્મ નું અપમાન કરી રહ્યો છે 😢,charotari,youtube_comments
123,માયા ભાઈ ને ના રોવો..કોણ કેવા સંસ્કારે માંથી જન્મેલા છે..🤔🤔 એતો દરેક ની કૉમેન્ટ પરથી ખબર પડી જાય સેરી..,charotari,youtube_comments
124,આ મ હે સા ના ની ભા શા નથી,charotari,youtube_comments
125,માયા ભાઈ મહેર બાની કરો,charotari,youtube_comments
126,માયાભાઈ તમે હાસ્યરસ નય પણ વિરરસ તથા સાહિત્ય ની વાતો કરશો તો ખરેખર મોજ આવી જાય હો.,charotari,youtube_comments
127,આ. મહેસાણા ની ઓરીજનલ ભાષા છે જ નહીં શું ફેંકવા બેઠા,charotari,youtube_comments
128,તમે રામાયણ a ને મજાક ઉડાવો સોં લુખેસ 😜 ટુ પોતાને મહાન સમજે સે ટુ સાચો કલાકાર નથી ટુ ઠગ 😜સે કારણ તમે શ્રી રામ ની અને સીતા માં 🙏 મજાક ઉડાવી સે કોઈ પણ ભાસા હોય ભગવાન ને to બધા માને સે 👍 પસી ગમેતે જિલ્લા ના ના હોય ટોપા 👌🙏,charotari,youtube_comments
129,"આ સૂરતી ભાષા છે,મહેસાણા ની નઈ...😂",charotari,youtube_comments
130,સાચી વાત કરી છે ભયલા,charotari,youtube_comments
131,મહેસાણાનું નામ ન બગાડો માયાભાઈ,charotari,youtube_comments
132,આ અમદાવાદ ની ભાષા છે,charotari,youtube_comments
133,"છી છી આ નાલાયક કલાકાર ને બે ધોલ મારવાની જરૂર છે, આ રીતે પાપી પેટ ભરવા માટે આપણા પવિત્ર ગ્રંથ રામાયણ ની આવી મજાક....... ફૂટપાથ પર બેસીને ભીખ માગી હોત તો ય સારું પણ આ તો એવો નરાધમ કે પોતાનો ધરમ વેચી ને ખાનારો એક અધર્મી",charotari,youtube_comments
134,ભલે અમારા મહેસાણા ની ભાષા ગમેતેવી લાગે પણ તમારી ભાષા કરતાં તો હારી જ છે,charotari,youtube_comments
135,આ લોડો અને હિતેશ અંટલા બાયું ને વધારે ફોહલાવે 😂😂,charotari,youtube_comments
136,ગાંધીનગર આજ સુધી ગુજરાત ના કોઇ પણ કલાકારે કાઠિયાવાડી ભાષાની ઠેકડી ઉડાવી છે ?હલકટ પ્રવૃતિ છોડો.,charotari,youtube_comments
137,Maya bhai લોકોને હસાવવા માટે રામાયણ નો ઉપયોગ ન કરાય,charotari,youtube_comments
138,મહેસાણા વાળા એ માયા આહીર નું કંઈક બગાડ્યું હશે તો જ એમની મજાક ઉડાડે છે સોશિયલ મીડિયામાં😂,charotari,youtube_comments
139,અલ્યા માયા. અમારી ભાષા બોલવા માટે અમારા મેહોણા મા જનમ લેવો પડે.,charotari,youtube_comments
140,"મજાક મસ્તી માટે બરાબર છે , પણ સહેજ પણ મહેસાણી ભાષા જેવું નથી, જે એરિયા નો જે બોલવાનો લહેકો હોય એ કોઈથી પણ કોપી ના થઈ શકે, મહેસાણી ભાષા માં, હ , અને સ , આ બે શબ્દો મહત્વના",charotari,youtube_comments
141,માયાભાઈ મજામાને અમારા મહેસાણાની આવી ભાષા નથી આપ મનોરંજન માટે બોલો તે બરાબર છે,charotari,youtube_comments
142,મહેસાણા ની ભાષા નથી ખોટું બોલે છે પેસા માટે કરે છે,charotari,youtube_comments
143,ભિખમંગા જેમ્ફાવેટેમ્બોલેછે,charotari,youtube_comments
144,રાક્ષસ જેવો લાગે છે,charotari,youtube_comments
145,સારી એમ બોલતા શીખી લે પહેલા,charotari,youtube_comments
146,અમારી ભાષા માં હારી જ કેવાય કુક્કડા​ @RasikKukadiya,charotari,youtube_comments
147,મેહોણા બોલતાનથી આવડતું,charotari,youtube_comments
148,તમે આવો મેહસાણા... ભાષા સમજાવુ..,charotari,youtube_comments
149,સાવ હલકો કલાકાર છે,charotari,youtube_comments
150,ભાઇ મેહોણા તો મેહોણા,charotari,youtube_comments
151,હલકા તારી હલકાઇ દેખાઈ આવી,charotari,youtube_comments
152,"આવા લોકો કલાકાર ના કહેવાય, બહિષ્કાર થવો જોઇએ",charotari,youtube_comments
153,રામાયણ ઉપર મજાક કરવા વાળા સંસ્કાર ની વાત કરે છે,charotari,youtube_comments
154,એક જાત નો લુખ્ખો છે,charotari,youtube_comments
155,જેવો માણસ એવો વિચાર હલકી ના,charotari,youtube_comments
156,"મતલબ ગામડાના ભોળા માણસોને રામાયણનું જ્ઞાન હોય છે . તેમને કથા સાંભળવા જવાની જરુર નથી ,",charotari,youtube_comments
157,ભાઈ ના આવડે તો સ્ટેજ ઉપરથી નીચે ઉતરી ને જતા રહો,charotari,youtube_comments
158,આ ભાષા મહેસાણા ની નથી..આ કોઈ સમાજ ની ભાષા માં વાત કરે છે,charotari,youtube_comments
159,આવું કોણ બોલે છે મહેસાણા મા આવી ઘર ની ભાસે વાપરે છે સરમ. આવી જોયે,charotari,youtube_comments
160,એક તો આવાને લાખો રૂપિયા આપવાના અને સનાતન નું આપમાન્ કરવાનું,charotari,youtube_comments
161,માયાભાઈ સાચું કહું છે!,charotari,youtube_comments
162,આ મહેસાણી ભાષા નથી.,charotari,youtube_comments
163,એ કોડા આ મેહસાણા ની ભાષા છેજ નઈ કોડા ફેંકવાનું બંધ કર,charotari,youtube_comments
164,માયા આહીર અને હિતેશ કંટાળી યુ બંને મહેસાણા નથી બોલાવતા,charotari,youtube_comments
165,નો આવડતું હોય તો નો બોલાય અમે આવુ નહિ બોલતા ઉત્તર ગુજરાત થી જ ગુજરાત ની ઓળખાણ સે,charotari,youtube_comments
166,"આ મહા મૂર્ખના સરદારને મહેસાણા ભાષા આવડતી નથી, અને જાહેરમાં પોતાની બુદ્ધિનું પ્રદર્શન કરી રહ્યો છે. આને કોઈ પાગલખાનામાં લઈ જાઓ.",charotari,youtube_comments
167,સનાતની નથી નહિતર આપણા પવિત્ર ગ્રંથ વિશે આવી મશ્કરી વાળી ભાષા નો વાપરે.. કલાકાર માથે લાંછનનનનનનન,charotari,youtube_comments
168,આપણા દેવી દેવતા ને મજાકમાં લેવા નહીં.,charotari,youtube_comments
169,"🙏🌹જયશ્રી સ્વામિનારાયણ🌹🙏 🙏🌹 શ્રી લક્ષ્મીનારાયણદેવની જય જયશ્રી શ્રીમન્નનારાયણ 🌹🙏 🙏🌹 જય લક્ષ્મી માતા જય સંતોષી માં જય અંબામાં 🌹🙏 🙏🌹 જય ચામુંડામાતા, જય માતાદી જય માં દુર્ગા જય માં ભદ્રકાળી 🌹🙏 🙏🌹 ૐ શ્રી સુયાૅય નમ: જયશ્રી બાગેશ્વરધામ 🌹🙏 🙏🌹 જયશ્રી રામ જયશ્રી કૃષ્ણ રાધે રીધે શ્રી દ્વારકાધીશ ની જય જયશ્રી ખાટુંશ્યામ🌹🙏 🙏🌹 ૐ નમઃ શિવાય જય શનિદેવ જય મહાકાલ, હર હર મહાદેવ જય ભોલેનાથ 🌹🙏 🙏🌹 જયશ્રી ગણેશ રીધ્ધિ-સિધ્ધીના દાતા ગણપતિ દેવ જય મંગલમૂર્તિ 🌹🙏 🙏🌹જયશ્રી હનુમાન જયશ્રી મારુતિ જયશ્રી બજરંગબલી 🙏🌹 જયશ્રી સંકટમોચન જયશ્રી કષ્ટભંજન દેવ 🌹🙏",charotari,youtube_comments
170,મહેસાણા ભારત દેસ નુ રદય છે મહેસાણા ની ભાસ્યા સિખવા મહેસાણા માં જન્મ લેવો પડે,charotari,youtube_comments
171,લોકો ને ઉલ્લુ બનાવીને રૂપિયા કમાઈ લીધા.... મહેસાણા ની ભાષા છે જ નહિ... તમારી ભાષા માં જ રામાયણ છે..,charotari,youtube_comments
172,મહેસાણા ના કોઈ આવુ નથી બોલતુ તમે માયાભાઈ ખોટી બોલી ઊભી નથી કરો ્્્મારા મહેસાણા એ તો દેશને વડાપ્રધાન આપ્યો છે......,charotari,youtube_comments
173,કલાકાર એટલે ખોટી ફાંકા ફોજદારી,charotari,youtube_comments
174,કલાકર એટલે પૈસા ના યાર,charotari,youtube_comments
175,જે માણસ સે વાર્તા ને સાચી માની લે છે તે અભણ ની નિશાની છે.,charotari,youtube_comments
176,મહેસાણા ની ભાષા નથી આ કોઈ બીજા સમાજ ની ભાષા છે,charotari,youtube_comments
177,આપડા બનાવેલા આપણને બનાવે છે,charotari,youtube_comments
178,પયસા.. માટે.. આવી.. બૉલે.. છે. હોય.. ભાષાનૂ.. અપમાન.. ન.કરો,charotari,youtube_comments
179,ભાઈ શ્રી આ ભાષા નથી મહેસાણા ની,charotari,youtube_comments
180,આ મહેસાણાની ભાષા નથી પણદેવી પૂજક ભાષાછે,charotari,youtube_comments
181,ભાઈ નુ મગજ ગાસ ચરવા ગયુ છે આપણી ભુલ એ છે કે આવા ગાંડા માણસ ના કાર્યક્રમ જોવા સાંભળવા જઈ એ છિયે,charotari,youtube_comments
182,Hu બનાસ કાંઠા નો છું.પણ મેહાના માં છું પણ આવી ભાષા નથી....,charotari,youtube_comments
183,ગમે એની મજાક ઉડાવે છે આ ફાલતુ,charotari,youtube_comments
184,સારું છે મુસ્લિમ મોલાના એ આ રીતે પ્રવચન નથી કર્યો,charotari,youtube_comments
185,વિનાશકારી વિપરીત બુદ્ધિ,charotari,youtube_comments
186,પૈસા માટે ધર્મ નું અપમાન કરો છો,charotari,youtube_comments
187,Mahesna ni ભાષા chhe j nai ne😂 મહેસાણા ma rahta hoy અમને puchho 😅,charotari,youtube_comments
188,મેહોની ભાષા બોલતા શીખો અને પછી બોલો ભાઈ અને ના આવડે તો આવો ટાઈમ કાઢીને અમારા મહેસાણા મા શીખવાડી ને મોકલીશુ,charotari,youtube_comments
189,સાવ કેવી નિમ્ન ધર્મ ની હસી કરે છે,charotari,youtube_comments
190,માયા ભાઈ માપ રાખો.આ અમારી ભાષા નથી.,charotari,youtube_comments
191,આ વેવલા પણુજ કરતો હોય જય માતાજી,charotari,youtube_comments
192,આ મહેસાણા ની ભાશા છેજ નથી,charotari,youtube_comments
193,માયાભાઇ મહેસાણા ની ભાષા નથી,charotari,youtube_comments
194,મહેસાણા ને તમે નહિ સમજી શકો. માયાભાઈ.,charotari,youtube_comments
195,માયાભાઇ આ મહેસાણા ની ભાષા નથી.,charotari,youtube_comments
196,આના દરેક કાર્યક્રમ boycott કરવો જોઈએ.,charotari,youtube_comments
197,આમેસાણાનીભાષાનથી.ડફોર,charotari,youtube_comments
198,ભાઈ આ કાલ્પનિક વાતો કરી ને પૈસા કમાવા નો ધંધો છે.,charotari,youtube_comments
199,આ મહેસાણા નુ એક્સેન્ટ નથી યાર,charotari,youtube_comments
200,"માયા ભાઈ ભગવાન રામ નામનું અબોટિયું તમારા પગમાં રાખી ને ભગવાન નું અપમાન કરો છો વળી પાછું એનાથી જ તમારું પરસેવા વાળું મોઢું અને નાક પણ લૂછો છો અને બીજાને ભગવાન ,માતાજી વિશે વાત કરી ને મજાક ઉડાવો છો પાછા બીજાને જ્ઞાન આપો છો તમારા જેવા લોકોજ હિન્દુધર્મ ની મજાક કરે છે એના કારણે દરેક સનાતનીઓને નીચું જોવું પડે છે તો તમારો રોટલો ધર્મની મજાક કરી ને ના સેકો",charotari,youtube_comments
201,આ લોક સાહિત્ય નથી. આ એક બોલી ની મજાક ઉડાવે છે. આને લોકસાહિત્યકાર ન કહેવાય. 😢😢,charotari,youtube_comments
202,નવરી ના જે પ્રોગ્રામ કરતો હોય તે કર બીજા ની ભાષા ઉપર ના જા,charotari,youtube_comments
203,હળાહળ જુઠ્ઠું ન બોલો મયા ભાઇ મહેસાણાની ભાષા આવી છે જ નહિ,charotari,youtube_comments
204,ભાષા ને ના પકડો એમની કોમેડી ની મજા લો ભાઈ એમને મનમા પન કોઈની ભાષાની મજાક ઉડાડવાનુ ના હોય ભાઈ એ મજા કરાવા આયા સે મજા માનો,charotari,youtube_comments
205,વિષય ખોટો પસંદ કર્યો છે.,charotari,youtube_comments
206,આ મહેસાણા ની ભાષા જ નથી,charotari,youtube_comments
207,માયા ભાઈ આવી વાતુ ના કરાય સંશકારી છો,charotari,youtube_comments
208,6 મહિના નાં સોકર નો કાય ખબર ના પડે ભાઈ આવો ખોટો બફાટ કરવો રેવા દયો,charotari,youtube_comments
209,્આવીરીતેરામાયણનુઅપમાનનકરાય,charotari,youtube_comments
210,આ મેહસાણા ની ભાષા સેજ નઈ,charotari,youtube_comments
211,મ્હેસનવલાનેકેમનેચડેખડવામાગોછો તમેક્યારેમ્હસાનમકથાસભલીછે,charotari,youtube_comments
212,ગુજરાત માં અલગ અલગ જગ્યાએ અલગ ભાષા બોલાય છે એમાં મહેસાણા ની ભાષા વિષે એવું બોલવું યોગ્ય નથી તમારા ભાષા તમને સારી લાગતી હોય એનો મતલબ બધાને સારી લાગે એવો અભિમાન ના કરાય ભાઈ,charotari,youtube_comments
213,સર્જી આ ભાષા મહેસાણા ની છે. પણ લોકલ ભાષા નથી.આપ જે બોલો છો તે વાઘરી ની ભાષા છે.,charotari,youtube_comments
214,બધી બાબતો માં ઘુસણખોરી ના થાય,charotari,youtube_comments
215,પહેલા બેસતા શીખો,charotari,youtube_comments
216,આ તો વેવલો જ છે. એની ગરવલીથી દુઃખી લાગે છે અને અહી વરાળ નીકળી છે,charotari,youtube_comments
217,"આ ભાષા મહેસાણા ની નથી, મહેસાણા નો મજાક ના ઉડાવો",charotari,youtube_comments
218,આ મહેસાણાની ભાષા નથી.,charotari,youtube_comments
219,ભાઈ આએકદ ખોટી વાત છે ભાઈ મેસાણાની લેગવેજ નથી તમારી જોવો લેગવેજ પછી મહેસાણાની વાત કરજો આવો મહેસાણામા જોવો પછી બોલો તમારા ગામની વાતનો 👎👎👎,charotari,youtube_comments
220,આ મહેસાણા ની ભાષા નથી,charotari,youtube_comments
221,આ મહેસાણી ભાષા નથી,charotari,youtube_comments
222,માયા તારી પાસે મગજ છે,charotari,youtube_comments
223,પહેલા તો આ અમારી મહેસાણા જિલ્લાની ભાષા જ નથી.... બિજુ ઘમૅ ની મજાક ઉડાવિને .. ઘંઘા બંધ કરો,charotari,youtube_comments
224,આપણી સંસ્કૃતિ ની મજાક ઉડાવી નેજ આટલી લોક પ્રિયતા મેળવી છે,charotari,youtube_comments
225,માયાભાઈ તમે મહેસાણા ની ભાષા જે બોલો છો ને વાઘરીઓ બોલે એવી ભાષા બોલો 0 હસલ મહેસાણી ભાષા તમને આવડતી જ નહીં,charotari,youtube_comments
226,મહેસાણાની ભાષા તમને નથી આવડતી,charotari,youtube_comments
227,આપણા હિન્દુ ધર્મ ના પવિત્ર ગ્રંથ રામાયણની મજાક ઉડાવે છે એ હવે કેમ કોઈ દળો ને દેખાતુ નથી? ખોટું કરી રહયા છે માયાભાઈ આહીર તમે તો દ્વારકાધીશ ના પરમ ભક્તો છો અને હિન્દુ ધર્મ વિશે મજાક ઉડાવી રહયા છો,charotari,youtube_comments
228,સૌથી પહેલા આપડા ધર્મ ની મજાક કરે છે તે ખોટી વસ્તુ છે. અને આ જોવા અને સંભાળવા માટે બધા જાય છે. જવું જ ના જોઈએ. અને આવી ભાષા મહેસાણા ની નથી. કોઈ જિલ્લા ની કે કોઈ ભાષા વિશે ખરાબ ના કહેવુ જોઈએ,charotari,youtube_comments
229,એ બુદ્ધિ વગરના હિન્દુ છો?,charotari,youtube_comments
230,ખોટી રજૂઆત છે આવી ભાષા હોતી જ નથી,charotari,youtube_comments
231,તમે પેસા માટે પવિત્ર રામાયણ ને હાસ્ય માટે ઉપયોગ કરો છો.આ યોગ્ય નથી.,charotari,youtube_comments
232,અમારા મોજીલા મેહોના વાળા ની ઉડાવા ની જરૂર નથી માયા ભાઇ વિશ્વ સૌથી સુંદર ભાષા છે,charotari,youtube_comments
233,માયા ભાઈ આ દીલ ની વાત.....ખોપડી માં કાણાં.....એને ના સમજાય જય શ્રી દ્વારકાધીશ,charotari,youtube_comments
234,Mehoni ભાષા તમને નથી aavdadti ok,charotari,youtube_comments
235,વાહ માયા ભાઈ વાહ,charotari,youtube_comments
236,મહેસાણા ભાષા આવી નથી અને મહેસાણા વાળા મૂરખા નથી તુ મૂરખો છે,charotari,youtube_comments
237,"મહેસાણા આવી જ છે, મૂર્ખ માયાભાઈ આહિર નહીં,મૂર્ખ તો તુ છે! 😆😆😆😂",charotari,youtube_comments
238,Koi pan bhasa nu akman na karay eva mata pita e sanskar nahi alya🤨😡 આ અભણો ન હુ ખબર પડ,charotari,youtube_comments
239,સુરેન્દ્રનગર નરોડા અને મહેસાણા ની સ્ત્રી ઓ ની ભાષા બહુ ગમ્ય હોઈ છે,charotari,youtube_comments
240,આ ભાષા આધ્યાત્મ અને ભક્તિની છે..,charotari,youtube_comments
241,"ભાષા નહીં, ભાવ પકડો, ગામથી બોલીમાં ઘણા શાસ્ત્રો નો સાર છે, ધન્ય હો ગોપાલ,",charotari,youtube_comments
242,મેહોણી એટલે મેહોણી હો ભઈ,charotari,youtube_comments
243,પિલુન્દ્રા ગામ ...જય સદ્ ગુરુદેવ....,charotari,youtube_comments
244,"Jordar....vachn ... નાની ઉંમર માં મોટા વચન.. આટલો હેવી મેસેજ આટલી સરળ તાથી... વાહ ગુરુ વાહ...👍🏻👍🏻👍🏻 મેહસાણા ,, બનાહકોથી",charotari,youtube_comments
245,જય સ્વામિનારાયણ,charotari,youtube_comments
246,જય હો મારા વાલા જય હો 🙏🙏🙏🙏🙏🙏🙏🙏🙏🙏🙏🙏🙏🙏🙏🙏,charotari,youtube_comments
247,હૈ.કુસણ.ધણી.ઇજજત.આબરુ.તમે.બધાની.રાખજો,charotari,youtube_comments
248,આતો સાબરકાંઠા ની ભાષા હો ભાઈ જય સદગુરુદેવ,charotari,youtube_comments
249,હા તમારું સાબરકાંઠા...,charotari,youtube_comments
250,જય હો ગોપાલદાસ બાપુ ખુબ સરસ વાણિ તમારી ભાષામાં ખૂબ જ અમૃત રસ છે,charotari,youtube_comments
251,ભાઈ આતો સાબરકાંઠાની બોલી છે......,charotari,youtube_comments
252,અસ્સલ mehoni ભાષા છે.....,charotari,youtube_comments
253,જય સદ્દગુરુ દેવ,charotari,youtube_comments
254,ઈડર ની ભાષા છે મહેસાણા ની નથી,charotari,youtube_comments
255,ભાષા નહીં ઉપદેશ મહત્વ ધરાવે છે,charotari,youtube_comments
256,ભાઈ આ સાબરકાઠા ભાષા છે.,charotari,youtube_comments
257,"વાહ જબબરજસ્ત, મજા આવી ગઈ",charotari,youtube_comments
258,સત ની વાણી જય હો ગોપાલ બાપુ,charotari,youtube_comments
259,પણ તમે લોકો ની વાત કેમ કરો છે,charotari,youtube_comments
260,વિડિયો બનાવનાર ભાષા ઓળખી શકતા નથી આ ઈડર મલક અટલે સાબરકાંઠા જિલ્લા ની ભાષા છે,charotari,youtube_comments
261,આ અસલ સાબરકાંઠાની ભાષા છે મેહોણાની નથી. મારા બાજુના ગામમાં જ રયે છે. પિલુદ્રા.,charotari,youtube_comments
262,આ સાબરકાંઠા જિલ્લાની ભાષા છે મહેસાણા ની નથી,charotari,youtube_comments
263,ગોંધીનગર સાબરકાંઠોની ભાષા છે પ્રભુ.,charotari,youtube_comments
264,@bipintaviyad968 સાબરકાંઠામાં પણ છે જ.,charotari,youtube_comments
265,પ્રાંતિજ જોડે છે પીલુદ્રા,charotari,youtube_comments
266,@PatelVoice1988 ભેદની વાત જ નથી.. લોકોને ખયાલ આવે એટલે લખ્યું છે.,charotari,youtube_comments
267,જય સદગુરૂ મહારાજ,charotari,youtube_comments
268,વિચારો હલકટ ના સીનાલવા જેવા સે,charotari,youtube_comments
269,છાંટા છાંટા આયેગા.. Mushad ધાર નઈ આયેગા....,charotari,youtube_comments
270,મંગાઓ ખાઈ નાખીએ थोड़ा थोड़ा 😂😂,charotari,youtube_comments
271,😂😂 અમારે કો લાગતા હૈ કી આપના ભાઈબંધ કદાચ ઘર પે બીવી સે લડાઈ કરકે આયે હૈ બાકી આપકા વિડિયો જોરદાર હૈ જોન્ટી ભાઈ 😂😂😂❤🎉,charotari,youtube_comments
272,મુંબઈ જેવો વરસાદ પડવો જોઈએ,charotari,youtube_comments
273,પાર્ટનર મૂડ માં નથી લાગતા આજે 😅,charotari,youtube_comments
274,ડોડા સેકવાના સીઝન આવી ગયા હે,charotari,youtube_comments
275,એક ઉંમરલાયક વ્યક્તિને આપ આ રીતે હેરાન શા માટે કરો છો,charotari,youtube_comments
276,કોઈ ને હેરાન કરવા મઝા આવે આવું તમારી સાથે પણ થશે આવા વિડિયો ને રિપોર્ટ મારો unlike karo,charotari,youtube_comments
277,એક દમ સાચી વાત કરી👌👌👌👌,charotari,youtube_comments
278,સાચી વાત છે જોન્ટી ભાઇ 👌👌👌👍👍,charotari,youtube_comments
279,ભાઈ તમારા વિડીયો મને ખુબજ ગમે છે,charotari,youtube_comments
280,ફુલ મૌજ માં હો ભઈ 😂😂😂,charotari,youtube_comments
281,"😂😂😂 આજે એવા લાગતા હૈ કી ભુક્કા નીકળે ગા ઓર જોન્ટી ભાઈ એન્ડ કંપની દાળવડાં, બટાકા વડા કી પાર્ટી એન્જોય કરેગી 😂😂😂😂😂",charotari,youtube_comments
282,ટોસ્ટ હાંડવો... milan kunj,charotari,youtube_comments
283,વાહ દિનકરભાઈ વાહ તમારા જોક્સ સાંભળીને ખૂબ હસીએ છીએ ખરેખર ખૂબ મજા આવે છે અફસોસ એટલો છે કે અમદાવાદમાં હતા ત્યારે અમે કાર્યક્રમ જોઈ ના શક્યા હવે અમદાવાદ પ્રોગ્રામ કરો તો અમને જરૂર જણાવજો વિડીયો અપલોડ કરતા ને અમારા ધન્યવાદ જય હિન્દ વંદે માતરમ્ કોબા ગાંધીનગર થી ગાભાજી ઠાકોર ક્ષત્રિય,charotari,youtube_comments
284,મને આ ગીત બોવ જ ગમે સે મસ્ત સે હો. જોડીદાર ❤❤❤❤❤,charotari,youtube_comments
285,હુ મહારાષ્ટ્રા થી છૂ પણ મને ગુજરાતી ગમેછે ❤😊,charotari,youtube_comments
286,હું આ એકજ ગીત સાંભળું સુ,charotari,youtube_comments
287,જોવો મારી ડબિંગ વિડીયો કેવી છે 😂 -,charotari,youtube_comments
288,વાઘરી તારી બેન નો હાથ પકડ્યો,charotari,youtube_comments
289,વનરાજભાઈ ખાવડીયા 😆😆😆😆😀😃😄😜,charotari,youtube_comments
290,આ વીડિયો ડિલીટ કર માદર ચોદ😡😡😠😡😠😤😡😡😤😤😡😠😤😡😡😠😤😡😠😤😡😡😤😡😠😤,charotari,youtube_comments
291,આવો અને મને ચુંબન કરો,charotari,youtube_comments
292,"101% સાચી વાત, આમજ કરવું પડે.",charotari,youtube_comments
293,ચલો ભાઈ એ બહાને પૈસા તો નીકળી ગયા,charotari,youtube_comments
294,ફરી નઈ માંગે હવે 😅😅😅,charotari,youtube_comments
295,હાર્દિકભાઈ ભૂલશો નહીં મારે પણ ઉઘરાણી બાકી છે. તમારો ખુબ ખુબ આભાર.😮,charotari,youtube_comments
296,જોરદાર અને જબરજસ્ત છે,charotari,youtube_comments
297,જય શ્રી કષ્ટભંજન દેવ હનુમાનજી 🙏,charotari,youtube_comments
298,જય શ્રી કષ્ટભંજન દેવ,charotari,youtube_comments
299,જય હનુમાન દાદા સારંગપુર,charotari,youtube_comments
300,જય શ્રી રામ જય હનુમાન દાદા,charotari,youtube_comments
301,જય શ્રી કસ્તભંજન દેવ,charotari,youtube_comments
302,જય મહારાજ. જય બજંગ. જય શ્રી રામ.,charotari,youtube_comments
303,જય શ્રી રામ.... કષ્ઠભંજન દેવ ની જય....,charotari,youtube_comments
304,મુના ભાઇ ગણા દિવસો બાદ દેખાણા,charotari,youtube_comments
305,ભાઈ ભાઈ ભાઈ ભાઈ,charotari,youtube_comments
306,ઊજેનનાડોનોવીડીયોબનાવોભાઈદૂલભકશય,charotari,youtube_comments
307,આવા વિડિઓ youtube ma no muko,charotari,youtube_comments
308,"""બીડી નથ પીવી હાલ નીકળ....""🤣🤣🤣👌",charotari,youtube_comments
309,@badhackeryt બેન દીકરી યુ જોતી હોય ને ભાઈ ઇ જોવાયને,charotari,youtube_comments
310,મનોરંજન એની જગ્યાએ બરાબર છે ભાઈ પણ આવા વિડિઓ ના મુકો તો સારું...,charotari,youtube_comments
311,@jaydeepjd5300 ભૈલા ક્લિક થાય પછી ડિસ્કલેઇમર આવે...થમ્બનેઇલ મા જ લખી દે ગાળો છે એમ...,charotari,youtube_comments
312,જય. માતા. જિ. Good. Job,charotari,youtube_comments
313,લાયા લાયા બાવા હિન્દી લાયા...😂😂😂,charotari,youtube_comments
314,જેટલા આવડતા હે એટલા બોલનેકા 🤣🤣,charotari,youtube_comments
315,ગુજરાત નું શાન્તિ નિકેતન,charotari,youtube_comments
316,લક્ષ્મી ની ચાર રહી ગઈ ભાઈ 😉,charotari,youtube_comments
317,પેટલાદ રાધા ઘાટ એ વિડિયો બનાવા આવો❤,charotari,youtube_comments
318,"Please correct the spelling. It's Vidya and not Vidhya. Vidya ( विद्या, વિદ્યા, દ્ + ય + આ = વિદ્યા)",charotari,youtube_comments
319,અમીત ભાઈ તમારા હાસય મારફત તમો જે લોકો નુ દુઃખ દૂર કરો છો તે માટે આભાર વકત કરુ છુ આજે હાસ્ય વિસરાય ગયુ છે કેમકે આજે પતી પત્ની બંને જણા વ્યવસાય મા એવા રોકાયેલા છે હાસય શુ છે તે ભુલાય ગયુ છે તમો જે બોલો છો તે પાકકા અમદાવાદી છો એવુ લાગે છે તમો ને સાંભળી ને ખુબ આનંદ થાય છે આ રીતે આનંદ પીરસતા રહેજો આનંદ આભાર આશીર્વાદ ધન્યવાદ,charotari,youtube_comments
320,મારી મજા પડી ગઈ ખુશી માં. નુતન વર્ષાભિનંદન.,charotari,youtube_comments
321,અમિત ભાઈ તમારી ‌બોલવાની સટાયલ આ વિડીયો મા અલગ લાગી,charotari,youtube_comments
322,મને મજા પડી ❤️❤️❤️❤️❤️😘😘😘😘😊😊😊😊🤗🤗🤗🤗 nice video amit bhai,charotari,youtube_comments
323,અમદાવાદી ભાઈ મજા પડી...,charotari,youtube_comments
324,મને મઝા પડી.. ધન્યવાદ ભાઈ શ્રી,charotari,youtube_comments
325,મને અમિત ભાઈ ના જોક્સ ખુબ ગમે છે,charotari,youtube_comments
326,બોવજ મજા પડી. અમિત ભાઈ.,charotari,youtube_comments
327,મને મજા પડી જય રણછોડ,charotari,youtube_comments
328,મને મઝા પડી nice 💞💞👍👍,charotari,youtube_comments
329,મને બૌજ મઝા પડી અમિત ભાઈ,charotari,youtube_comments
330,મને બહુજ મજા આવી.,charotari,youtube_comments
331,"મને મજા પડી, અમિત ભાઇ તમારા દરેક વિડીયો હું છેક સુધી જોવુ છુ, આખા દિવસનો થાક રાત્રે તમારા જોક્શ સાંભળી ભુલાય જાય.",charotari,youtube_comments
332,મજા તો પડી પણ પાટણ રાણકીવાવ વિશે કંઇક બોલો ભાઈ તમારા જોક્સ રોજ સાભરું છું ખુબ મજા આવે છે,charotari,youtube_comments
333,રાજકોટ વિશે બોલો,charotari,youtube_comments
334,અમીત ભાઈ આજે ગુજરાતી ભાઈ ઓ અંગ્રેજી મા ગુજરાતી કેમ લખે છે જેમકે Bov maza aave se આ ગુજરાતી મા લખવા મા શુ વાંધો આપણે ગુજરાતી છીએ તેનુ ગૈરવ કેમ નથી સમજાતુ નથી હશે તમારી વાત મા ટકોર કરશો આભાર,charotari,youtube_comments
335,અમિત ભાઈ યાર માજા નાં આવી કેમ ખબર નઇ આજે આ વીડિયો માં સાલું હસુજ નાં આવ્યું,charotari,youtube_comments
336,"મને મજા પડી હો….. મારા ધ્યાન મા પેલા પાણી જેવી બીજી એક વાત છે, જ્યારે લાંબી સફર માં લકઝરી બસ મા જતા હોય ને ત્યારે ઘણો ટાઇમ બસ ચાલતી હોય પણ કોઇ એમ નો કે કે મને બેઉ લાગી છે , ને એક જણ હિંમત કરી ને બસ ઊભી રખાવે ને એટલે બધા ઉતરી પડે…… સુસુકી કરવા",charotari,youtube_comments
337,મને મજા અાવી પડી નથી,charotari,youtube_comments
338,મને મજા આવી ગય હો,charotari,youtube_comments
339,મને મજા બહુ પડી.,charotari,youtube_comments
340,વાહ/ અમિત ભાઈ મોજ પડી ગઈ આ વા મજા નાવિડિયો લાવતા લો ભાઈ,charotari,youtube_comments
341,વાહ અમિત ભાઈ વાહ,charotari,youtube_comments
342,અમિત ભાઈએ સાબુદીન ભાઈ રાઠોડ નો અવાજ જ સુપર છે બાકી મહેનત કરજો,charotari,youtube_comments
343,શાહબુદ્દીન રાઠોડ સિવાય કોઈનો અવાજ મેળ આવ્યો નથી,charotari,youtube_comments
344,વાહ વાહ વાહ ભાઈ.. ખૂબ જ સરસ... લોકો અવાજ પર જાય છે.. પણ સ્ટાઈલ અને લઢણ તો મસ્ત અને આત્મવિશ્વાસ થી ભરપુર છે ભાઈ.. મોજ,charotari,youtube_comments
345,હજી થોડી મહેનત વધારે કરવાની જરૂર છે,charotari,youtube_comments
346,અમદાવાદ ની નવી ઓળખ..,charotari,youtube_comments
347,ખુબ સરસ અમીત ભાઈ,charotari,youtube_comments
348,હજૂ વધારે મેહનત કરવાની જરૂર છે,charotari,youtube_comments
349,જમણા હાથ ની કોણી,charotari,youtube_comments
350,Maja avi .... Amara navsad bhai ni jevi moj karavi......navsad saheb Surat nu ઘરેણું અને તમે અમદાવાદ નું મોતી હો સાહેબ....,charotari,youtube_comments
351,પ્રયત્ન સારો છે...પણ હજી મહેનત માંગી લે છે.,charotari,youtube_comments
352,Wah wah jordar kak nava અંદાજ માં અભિનંદન અમિત ભાઈ 💐💐💐,charotari,youtube_comments
353,ભાઈ અમિત તમારાં પોતાનાં અવાજ થીજ મિમિક્રી કરો સારા કલાકાર સાબીત થઈ શકો એમ છો 👍,charotari,youtube_comments
354,જીતુભાઈ ક્યાંય નાહાલે તમે હાલો,charotari,youtube_comments
355,અમિતભાઇ આપશ્રીમા ખૂબ સારી પ્રતિભા છે.... કદાચ ટૂંકા સમયમાં પૂર્ણ સફળતા મળે કે ન મળે.... પરંતુ આપ આપના પ્રયત્નો અતૂટ પણે શરૂ રાખજો... 100 % ગુજરાતના જ નહીં બલ્કે સમગ્ર વિશ્વના ગુજરાતીઓના દિલો પર આપનું રાજ હશે.... અને ખાસ એ કે આપ અન્ય ની મિમિક્રી ખૂબ સારી રીતે કરો છે... પણ મારી એવી ઈચ્છા છે કે મારે તો અમિતભાઈની અંદર રહેલા અમિતભાઇ ને ઓળખવા અને સાંભળવા છે.... BEST OF LUCK DEAR FRIEND..... મારા ગુજરાતનો હાવજ....,charotari,youtube_comments
356,ફરી.વાર પધારો. 27.મીનીટ કેમ.પુરી થઈ ગઈ.જોત.જોતામાં .તે.ખબર જ. ન પડી,charotari,youtube_comments
357,અમિતભાઈ. આપનો પ્રયતન સારો રહ્યો પણ શોધી પણ એક પણ હાશય કલાકાર નો અવાજ બંધ બેચતો નથી .મે લગભગ બધાજ હાચ્ચય કલાકાર ને સાંભળયા સે માટે આપનો પોતાનો અવાજ બરાબર સે,charotari,youtube_comments
358,"વાહ અમિતભાઈ દિલ ખુશ થઈ ગયું.... બધા અવાજો બેસ્ટ હતા.... તમે ખુબ આગળ વધો , અને બધાને ખુબ મોજ કરાવતા રહો ....",charotari,youtube_comments
359,ખુબ જ સુંદર હાસ્ય કલાકાર અને કાર્યક્રમ નવીનતા સભર રજુઆત 😃,charotari,youtube_comments
360,શહાબુદ્દીન રાઠોડ નો અવાજ ઓરીજનલ બાકી બધા કલાકારો ના અવાજ માં ફેર પડે છે,charotari,youtube_comments
361,આ છે જવાબ જય શ્રી કૃષ્ણ,charotari,youtube_comments
362,ષષષષસસસસસસબ્જ સબ સે સબ સબ સબ સબ બ બસ બસ બસ બસ બસ બસ,charotari,youtube_comments
363,અભિનંદન અમિતભાઇ.... 💐💐💐💐💐,charotari,youtube_comments
364,તારો અવાજ. કાઢ. બીજા ના અવાજ. ની પથારી ફેરવમા ભાઈ. હાસ્ય કલાકાર. દીપક. ચૌહાણ.,charotari,youtube_comments
365,હા શ્રીધાત ભાઈ ની મોજ હા મજા આવીગઈ હો સુપર સુપર😊😊😊😊😊😊😊,charotari,youtube_comments
366,વિદ્યાર્થી ને તો corona aave teni khushi છે,charotari,youtube_comments
367,અમીત ભાઈ ઓડીયનસ જુનું ને જુનું જ દેખાય છે કેવી રીતે એડીટ કરો છો ??,charotari,youtube_comments
368,મા બાપ દેવ સમાન,charotari,youtube_comments
369,ઉભાઉભાખાયમાણસોએકળિયુગનીએધાણીછે,charotari,youtube_comments
370,તમારા વિડીયો જોવાથી મગજ એકદમ ફ્રેશ થઈ જાય છે પણ દરોજ એક વિડીયો મોકલો બધા પતી ગયા વારંવાર જોવા પડે છે મુછો ગાયબ કોઈ ખેંચતુ હતુ,charotari,youtube_comments
371,જય શ્રી રાજા મહાકાળી,charotari,youtube_comments
372,જય શ્રી મહાકાળી માં..💓❣️,charotari,youtube_comments
373,જય હો રાજા મહાકાળી,charotari,youtube_comments
374,નેમાજી તેતરાલાલ ફુટી જ્યા,charotari,youtube_comments
375,વાહ નેમાજી તમારો પાડો,charotari,youtube_comments
376,સાહેબ બે ડંડા સંજુ સભ્ય ને ઠોકો વધારે,charotari,youtube_comments
377,ખૂબ ખૂબ આભાર તમારો,charotari,youtube_comments
378,મંગાલાલ આપડો વોટ આખલા ને,charotari,youtube_comments
379,સાવ નાનપણ મા દૂરદર્શન પર ને રેડિયો પર સાંભળતા ને હવે YouTube મા ય તમને સાંભળી છીએ. પણ હજી તમારા થી ધરાયા નથી બોલો. દર રવિવારે સવારે તમારા વિડિયો ચાલુ કરવાના ... બસ આમ જ તમે અવિરત ચાલતા રહો. ❤,charotari,youtube_comments
380,જન્મ દિવસની ખૂબ ખૂબ શુભેચ્છા હાસ્ય સમ્રાટ 🎉,charotari,youtube_comments
381,"વાહ સાહેબ, તમને સાંભળીને જ સુવ છું.",charotari,youtube_comments
382,સાબુદીન બાપુ ને સો સો સલામ સલામ,charotari,youtube_comments
383,"શાહબુદ્દીન રાઠોડ ના હાસ્ય દરબાર માં આધ્યાત્મિક જ્ઞાન, હાસ્ય સાથે આધ્યાત્મિક જ્ઞાન . ખરેખર ખૂબ હસાવો છો, સાથોસાથ જ્ઞાન પીરસો છો. ઈશ્વર આપને તંદુરસ્ત રાખે એવી પ્રાર્થના કરીએ છીએ. લી.સુરેશ ઉત્તમલાલ મહેતા સિકંદરાબાદ ના જય શ્રીકૃષ્ણ",charotari,youtube_comments
384,પ્રથમ પંક્તિમાં પૂર્ણ જ્ઞાન 🙏🙏,charotari,youtube_comments
385,જેટલી વાર સાભળ્યું એટલુ નવુ લાગે છે,charotari,youtube_comments
386,ભગવાન ને ફરિયાદ ના કરે એજ ભક્ત,charotari,youtube_comments
387,સાહેબ જીવનની સાચી સમજણ છે પણ શબ્દો તમારા ઉત્તમ જીવન માઉતારવા અને સમજવા જેવું,charotari,youtube_comments
388,સાહેબ આપની વાતો અને joks વારંવાર સાંભળવા ગમે છે જેમાં હાસ્યરસ સાથે જ્ઞાન રસ સમાયો હોય છે એટલે ખુબજ આંનદ આવે છે 🙏🙏🙏👏👏,charotari,youtube_comments
389,"વાહ સાહેબ, જ્યાં પ્રેમ છે ત્યાં સમસ્યા નથી..ઇસ્ત્રી વાળો પ્રસંગ, સુલતાન ખાન અલ્લાહ માટે સારંગી વગાડ..",charotari,youtube_comments
390,"સાહેબ આપને ઘણા વર્ષોથી સાંભળીએ છીએ, આપની ફિલોસોફી સભર હાસ્ય ને વારંવાર સાંભળીને પણ એટલો જ આંનદ આવે , મારા હિસાબે હાસ્યના બે પ્રકારના ગણાય. પહેલું જબરજસ્તી હાસ્ય અને બીજું જબરદસ્ત હાસ્ય જે તમે પીરસો છો..ધન્યછો સાહેબ..",charotari,youtube_comments
391,સાબુદીનભાઇ વજુભાઈવાળા કેવા હતા તે તમને ખબર છે?🙏🙏🙏,charotari,youtube_comments
392,જન્મદિવસની સ્વસ્થ સતાયુ શુભેચ્છાઓ,charotari,youtube_comments
393,"💐💐 જન્મદિવસની હાર્દિક શુભકામના સર,🎂🎊🎉",charotari,youtube_comments
394,તમે તો હાસ્ય કલાકાર છો માણસની ઉંમર વધી જાય,charotari,youtube_comments
395,"લાભુ મેરાઈ નો જોક, યુરોપીયન ઇ યુરોપિયન",charotari,youtube_comments
396,તમને રોજે સંભાળુ શુ,charotari,youtube_comments
397,❤❤❤❤❤મજા આવી ગય હા.......🤣🤣🤣🤣🤣👌👌👌,charotari,youtube_comments
398,હાવ સાચું છે હો અમે અમદાવાદના તમે ક્યાંના,charotari,youtube_comments
399,😊😊 મસ્ત કોમેડી રમેશ મહેતા ભલા ભલા મુનજી હોય તો એ પણ હસી હસીને ને લોટપોટ થઇ જાય હો 😅😅😮😮😮😂😂😂,charotari,youtube_comments
400,"ધન્યવાદ,મજા આવી ગઈ.",charotari,youtube_comments
401,ઓહ ઓહ ઓહ ઓહ ઓહ ઓહ ઓહ,charotari,youtube_comments
402,ગુજરાતી અભિનેતા રમેશ મહેતા નંબર વન હાસ્ય કલાકાર ફિલ્મો માં I Miss You Old Is Gold,charotari,youtube_comments
403,રમેશ મહેતા ઈઝ ઓલવેઝ હીટ!,charotari,youtube_comments
404,રમેશ મહેતા જે રાજા ભોજ ની વાત કરે છે એ કયા ફિલ્મ નો સિન છે......,charotari,youtube_comments
405,રમેશ ની કમાલ છે હો ભાઈ,charotari,youtube_comments
406,"વાહ ક્યાં બાત હે રમેશ મહેતા,,,,",charotari,youtube_comments
407,કોણ કોણ ૨૦૨૧ મા જોવે છે આ 🤣,charotari,youtube_comments
408,@ukaniminaj897 ઇઇઇઇઇઇઇ,charotari,youtube_comments
409,Manish Joshi ।ગપયણભતઘતબઠતડત,charotari,youtube_comments
410,રમેશ મહેતા ભારતનું રત્ન અમર રહો,charotari,youtube_comments
411,ભજીયા ની મોજ હા ભાઈ હા,charotari,youtube_comments
412,🌹ખુબ સરસ 🌹🙏જયમાતાજી 🙏🌹,charotari,youtube_comments
413,ડાબા હાથે પાડે સે. ડાબો હાથ શું કરવાનો હોય,charotari,youtube_comments
414,ભજીયા નો વિડીયો ખૂબ સારો છે. રવિનાબેન નો ખૂબ અભિનય સારો છે. જે બીજા બેન છે તે પણ કાંઈ અભિનય ખોટ નથી. અમને જોઈને ભજીયા ખાવાનું મન થઈ ગયું કારણ કે અમે જોઈએ છે ત્યારે બહાર વરસાદ પડી રહ્યો છે. ખુબ ખુબ ધન્યવાદ. જય હિન્દ વંદે માતરમ. કલાકારોની ટીમ ખૂબ સારી છે બધાનો અભિનય સારો છે. જય હિન્દ વંદે માતરમ ત્રાગડ ચાંદખેડાથી ગાભાજી ઠાકોર,charotari,youtube_comments
415,સરસ રવિના બોન પહેલી કમેન્ટ મારી ભજીયા મને બહુ ભાવે છે...... ....... .....,charotari,youtube_comments
416,લાંબો થઇ ગયો 😀😀ધરે વયો જાને બકડીયુ લયને 😀એને ખાતાજ આવડે છે 😀 હસવા ની કોમેન્ટ છે 😀 તમે વીડીયો હસવા માટે બનાવો 😀મે કોમેન્ટ હસવા સારું લખી છે 😀,charotari,youtube_comments
417,😀માથે કેમ પડે છે 😀,charotari,youtube_comments
418,લોટ નથી સારો 😀😀પાસા આવડૈ તો સેને ખાઇ એવા બનાવજે,charotari,youtube_comments
419,😂😂😂😂😂 વાહ મજા આવી ગઈ જોવા ની,charotari,youtube_comments
420,હા તમારી મોજ હા,charotari,youtube_comments
421,જય શ્રી કૃષ્ણ🙏 હર હર મહાદેવ હર🙏🙏 ખૂબ ખૂબ જ સરસ👍,charotari,youtube_comments
422,બેન તમારી કૉમેડી પણ એવી છેને જોતા જોતા હસી😂 રોકાયા નહી 😂😂,charotari,youtube_comments
423,તમારી કૉમેડી ફિલ્મ બાકી 😂😂😂હસી હસીને ગોટા વળીજાયે 😂😂😂😊,charotari,youtube_comments
424,સાચી વાત છે ભાઈ,charotari,youtube_comments
425,સાચી વાત છે ભાઈ 🎉,charotari,youtube_comments
426,ગભા ને લ્યાવો ને ભા,charotari,youtube_comments
427,જય ભોલેનાથ દાદા,charotari,youtube_comments
428,Hitesh bhai ગભા ને 01 વાર સ્ટેજ ઉપર લાવોને.,charotari,youtube_comments
429,~બેહનો~ / બહેનો માત્રુભાષા નું માન જાળવીએ.,charotari,youtube_comments
430,તુ.ખોટ.છે.ભાઇ.વાત.વગર.નિ.વાત.કરે.છે,charotari,youtube_comments
431,તાલુકો નડીયાદ જીખેડાગામદેગામરાઠોડકનુભાઈ કે મિત્રો ને વિનંતી જય ખોડીયાર માં,charotari,youtube_comments
432,સાચી વાત છે બેન તમારી,charotari,youtube_comments
433,સાચી વાત છે બેન❤,charotari,youtube_comments
434,ભાલ ની ભાષા લાગેસે,charotari,youtube_comments
435,જમાઈ ઘેલા સાસુ 😃 જબરદસ્ત performance 😂,charotari,youtube_comments
436,બેન વિડીયો તો ઘણા જોયા પણ જે તમે વિડીયો બનાવો છો ને ઈ રીયલ લાગે છે,charotari,youtube_comments
437,કેટલી બધી વાર મે આ વીડિયો જોયો ખૂબજ મજા આવે છે સિધ્ધાર્થ ભાઈ અને તેજલ બેન જોરદાર છે,charotari,youtube_comments
438,ખુબજ મજા આવે છે😅😮😊,charotari,youtube_comments
439,આઉદિચ્ય બ્રાહ્મણ 🤭😍,charotari,youtube_comments
440,Ha Ha Ha.... ખુબજ સુંદર 😆,charotari,youtube_comments
441,ખૂબ સરસ વિડિયો છે,charotari,youtube_comments
442,ખૂબ સરસ મજાની કોમેડી,charotari,youtube_comments
443,Amuk loko to ahi setting mate valgi padya... Lukkhao સાચું કીધું ને kruti ben😅😅😅😂😂,charotari,youtube_comments
444,કેમ છો બધા મજા માં 🤝💐,charotari,youtube_comments
445,"hi, Friends... ગુજરાતી ફુલ કોમેડી વીડિયો આપણી યૂટ્યુબ ચેનલ ઝાલાવાડી બોયઝ પર.. જો તમને પસંદ આવે તો તેને લાઈક, શેર અને સબસ્ક્રાઈબ કરજો.... જય માતાજી",charotari,youtube_comments
446,જય શ્રી દ્વારકાધીશ 🚩❤😂😂😂,charotari,youtube_comments
447,વાહ તેજલબેન જોરદાર,charotari,youtube_comments
448,સુપર આક્ટિંગ થી મજા આવીગઇ vah,charotari,youtube_comments
449,આ આપણો જેઠાલાલ છે ✋,charotari,youtube_comments
450,Always good to see u.. મજા આવી 😃,charotari,youtube_comments
451,ભુલીગઇમૉતીનૉહાર રાકૅશ બારૉટ,charotari,youtube_comments
452,👌👌A.T.M.=એની ટાઈમ મઝા 😜😜,charotari,youtube_comments
453,શેરબજાર ફિ મા શિખવા માટે ગુજ્જુ Trader,charotari,youtube_comments
454,લસણ ગમે ત્યારે ખાવાથી ફાયદો થાય છે......,charotari,youtube_comments
455,સિદ્ધાર્થ સર ની મજા જ કંઈક અલગ છે..,charotari,youtube_comments
456,👌👌આખા ઘર માં આ બાથરૂમ જ એવી જગ્યા છે કે જ્યાં માનસિક શાંતિ મળે 😃😃,charotari,youtube_comments
457,નોકરી કરતા હોય તો કરો રાજકારણમાં ના પઙો,charotari,youtube_comments
458,8મો મહિનો સિદ્ધાર્થ ભાઈ,charotari,youtube_comments
459,મીની આતંકવાદી અને આતંકવાદી ઘરે ઘરે છે,charotari,youtube_comments
460,બહુ સરસ આવું જ બીજું જોરદાર સાંભળવા માટે નીચેની લીંક પર ક્લિક કરો👇👇👇👇👇😂😂😂😂😂,charotari,youtube_comments
461,ગજબનો કોમેડિયન છે મને પન લો તમારી સાથે કામ કરવા માટે,charotari,youtube_comments
462,વાહ સારું પણ દૂપ શ્રદ્ધા નો વિષય છે મચછર માટે નથી નાના મજાક માટે કોઈ ની શ્રદ્ધા ને ઠેશ લાગે 🙏,charotari,youtube_comments
463,કોઈએ બાપ ના સમ આપ્યાં હતાં કે પરણ્યો? હજુ મોડું નથી થયું ઘર છોડીને બાવો થઈ જા 😂,charotari,youtube_comments
464,સર phના કેસની વિગત આપો સર પ્લીઝ સર,charotari,youtube_comments
465,મારા અહીંયા પટેલિયો સેક્રેટરી છે,charotari,youtube_comments
466,તમારો સ્વભાવ એવો લાગે છે નહીતો હાસ્યમાં તમને insaltig ના લાગત,charotari,youtube_comments
467,મજાક ને મજાક ની જેમ લેવા વિનંતી 🙏,charotari,youtube_comments
468,સોફની એઝિંગ એક્ટરને ક્યારેય 😂😂,charotari,youtube_comments
469,ખૂબજ સરસ મજાની વાત સે,charotari,youtube_comments
470,મને નાહવા ની પાણી એપો,charotari,youtube_comments
471,પત્નીઓ ne ગાળો kai રીતે આપવી એ કોઈ તમારી પાસેથી શીખે.... શરમ કરો......,charotari,youtube_comments
472,અલ્પેશ ઠાકોર ના કુટુંબ ના છીએ મેં પણ ભાગીને લગ્ન કર્યા,charotari,youtube_comments
473,ગજબ નું ટાઈમિંગ,charotari,youtube_comments
474,આવુ બધુ હોયતો મારે,charotari,youtube_comments
475,Premium minister બનવા ની યોજના,charotari,youtube_comments
476,મેં પણ ઘણીવાર જોયો 😀😀😀😀,charotari,youtube_comments
477,@vijayrathod803 કિશોર કુમાર,charotari,youtube_comments
478,હસી હસીને મારા બોબલા દુખે છે,charotari,youtube_comments
479,ભરો!! માંગ મારી ભરો!!,charotari,youtube_comments
480,મને લાગતું જ હતું કે તું ગુજરાતી હસે lol,charotari,youtube_comments
481,પારસી અને બોરી (વોહરા)લોકો ની ભાષા પણ ઉમેરી હોત તો સરસ!,charotari,youtube_comments
482,બધી બોલીઓ બોલાય ત્યારે શુધ્ધ જ હોય છે. જ્યારે લખવામાં આવે ત્યારે સરળતા ખાતર એક બોલીને કેટલાક ફેરફારો સાથે standard કે શુધ્ધ ભાષા તરીકે સ્વીકારવામાં આવે છે..,charotari,youtube_comments
483,4 અમદાવાદી છે કે મહેસાણી?,charotari,youtube_comments
484,ભઈ મેહોણા તો જબરું સ હો 😂🔥,charotari,youtube_comments
485,Ha ha... Bombay ગુજરાતી is not proper gujarati... Its a mix...,charotari,youtube_comments
486,૧) દક્ષિણ ગુજરાત (સુરતી) ૨) પશ્ચિમ ગુજરાત (કાઠીયાવાડ) ૩) N.R.I ગુજરાતી ૪) મધ્ય ગુજરાત (ચરોતરી) ૫) ❌ ૬) ઉત્તર ગુજરાત (પટણી) ૭) પશ્ચિમ ગુજરાત (કાઠીયાવાડ) ૮) N.R.I ગુજરાતી ૯) કચ્છી ૧૦) સુધરેલા મોટા માણસો ની શુદ્ધ ગુજરાતી 🤣😅,charotari,youtube_comments
487,nimi vashi ૧) દક્ષિણ ગુજરાત (સુરતી) ૨) પશ્ચિમ ગુજરાત (કાઠીયાવાડ) ૩) N.R.I ગુજરાતી ૪) મધ્ય ગુજરાત (ચરોતરી) ૫) ❌ ૬) ઉત્તર ગુજરાત (પટણી) ૭) પશ્ચિમ ગુજરાત (કાઠીયાવાડ) ૮) N.R.I ગુજરાતી ૯) કચ્છી ૧૦) સુધરેલા મોટા માણસો ની શુદ્ધ ગુજરાતી 🤣😅,charotari,youtube_comments
488,કાઠિયાવાડી બોલ્યું કે નય...😅😅,charotari,youtube_comments
489,"સૌરાષ્ટ્રમાં ય રાજકોટ સિવાય અલગ અલગ ઢબ છે. ભાવનગર, જામનગર, જૂનાગઢ!",charotari,youtube_comments
490,જય જય ગરવી ગુજરાત,charotari,youtube_comments
491,I used to mix hindi as well in ગુજરાતી becoz I lives in nainital since my childhood 🤣🤣 મજા આવી જાયે 🤣,charotari,youtube_comments
492,good effort સારો પ્રયાસ ( પ્રયત્ન ),charotari,youtube_comments
493,Jay Jay Garvi Gujarat 🚩 Proud that you tried and learnt all Accents. જય જય ગરવી ગુજરાત 🚩 વટ્ટ થી ગુજરાતી,charotari,youtube_comments
494,વધારે પડતું તોટડાપણુ લાગે,charotari,youtube_comments
495,Jaaimu lyo... સાવ મફત માં મોજુ કરાઈવી...😀,charotari,youtube_comments
496,મેહોણી-હા મારુ મેહોણા હા,charotari,youtube_comments
497,મસ્ત વિડિયો છે...અલ્યા હજી જરાક લાંબા વિડિયો બનાવ...તો મજા આવશે....keep it up dude..I like it,charotari,youtube_comments
498,સુરતી ભૂલી gaya,charotari,youtube_comments
499,In home we are speaking Kathiyawadi Gujarati. જય જય ગરવી ગુજરાત,charotari,youtube_comments
500,અમે સુરતી ગુજરાતી ભાષામાં બોલીએ છે,charotari,youtube_comments
